Year,Month,Day,Time,Lat,Lon,Depth,Mag,Region,Timestamp
1970,01,14,23:49:05,-16.69,-72,96,3.8,"NEAR COAST OF PERU",1208945
1970,01,14,20:28:02,59.61,-153.68,105,3.6,"SOUTHERN ALASKA",1196882
1970,01,14,18:44:20,37.49,-118.29,3,3.3,"CALIFORNIA-NEVADA BORDER REGION",1190660
1970,01,14,17:39:26,-18.7,34.6,0,2.3,"MOZAMBIQUE",1186766
1970,01,14,15:42:20,38.69,-122.25,8,3.1,"NORTHERN CALIFORNIA",1179740
1970,01,14,12:44:43,-15.7,29.5,0,2.5,"ZAMBIA",1169083
1970,01,14,10:14:17,24.25,102.46,10,5,"YUNNAN, CHINA",1160057
1970,01,14,08:25:15,-17.72,168.86,244,4.5,"VANUATU ISLANDS",1153515
1970,01,14,07:03:24,16.6,-100.17,33,3.4,"NEAR COAST OF GUERRERO, MEXICO",1148604
1970,01,14,05:06:18,51.7,175.7,33,4,"RAT ISLANDS, ALEUTIAN ISLANDS",1141578
1970,01,14,04:16:20,15.95,-60.5,93,5.1,"LEEWARD ISLANDS",1138580
1970,01,14,02:29:41,-10,123.5,70,4.8,"TIMOR REGION",1132181
1970,01,14,02:23:14,23.97,122.4,26,5,"TAIWAN REGION",1131794
1970,01,14,02:22:34,-10.34,123.15,26,5.1,"TIMOR REGION",1131754
1970,01,13,23:01:06,-26.06,27.54,0,3.9,"SOUTH AFRICA",1119666
1970,01,13,22:34:52,37.9,20.8,0,3.7,"IONIAN SEA",1118092
1970,01,13,22:32:56,-23.42,-179.73,540,4.7,"SOUTH OF FIJI ISLANDS",1117976
1970,01,13,20:49:10,-15,166.6,0,4.5,"VANUATU ISLANDS",1111750
1970,01,13,20:48:27,7.09,126.79,74,5.2,"MINDANAO, PHILIPPINES",1111707
1970,01,13,20:25:44,15.96,-59.7,28,4.4,"LEEWARD ISLANDS",1110344
1970,01,13,17:40:18,-19.75,167.75,0,3.5,"VANUATU ISLANDS REGION",1100418
1970,01,13,17:31:12,-17.45,168.04,10,4.4,"VANUATU ISLANDS",1099872
1970,01,13,16:55:17,8.68,127.29,54,5.3,"PHILIPPINE ISLANDS REGION",1097717
1970,01,13,15:27:35,-17.49,167.3,0,4.2,"VANUATU ISLANDS",1092455
1970,01,13,14:38:50,-19,169,0,3.5,"VANUATU ISLANDS",1089530
1970,01,13,14:33:01,4.72,127.74,126,4.5,"TALAUD ISLANDS, INDONESIA",1089181
1970,01,13,13:59:36,-17.49,167.84,0,3.7,"VANUATU ISLANDS",1087176
1970,01,13,12:30:13,16.1,-97.2,33,3.6,"OAXACA, MEXICO",1081813
1970,01,13,11:44:57,38.1,22.4,3,3,"GREECE",1079097
1970,01,13,10:48:56,-19.6,169.5,34,4.3,"VANUATU ISLANDS",1075736
1970,01,13,05:58:07,16.1,-97.2,33,3.4,"OAXACA, MEXICO",1058287
1970,01,13,05:02:04,-23.18,-176.15,33,4.6,"SOUTH OF FIJI ISLANDS",1054924
1970,01,13,04:22:08,51.8,-175.7,41,4.2,"ANDREANOF ISLANDS, ALEUTIAN IS.",1052528
1970,01,13,04:12:47,-14.63,166.34,25,4.9,"VANUATU ISLANDS",1051967
1970,01,13,03:12:14,48.4,139.1,33,3.4,"PRIMOR'YE, RUSSIA",1048334
1970,01,13,01:31:56,-19.4,170.1,0,4,"VANUATU ISLANDS",1042316
1970,01,13,01:13:01,-6.63,146.84,108,4.8,"EASTERN NEW GUINEA REG., P.N.G.",1041181
1970,01,13,00:14:27,-3.26,118.98,60,5.1,"SULAWESI, INDONESIA",1037667
1970,01,12,14:51:41,7.46,126.81,65,4.4,"MINDANAO, PHILIPPINES",1003901
1970,01,12,14:42:27,-17.26,167,0,4,"VANUATU ISLANDS",1003347
1970,01,12,11:21:20,36,-103.1,33,3.5,"NEW MEXICO",991280
1970,01,12,10:34:37,-12.71,169.24,659,4.2,"SANTA CRUZ ISLANDS REGION",988477
1970,01,12,09:33:04,24,102.9,33,4.7,"YUNNAN, CHINA",984784
1970,01,12,06:24:38,6.72,126.8,82,4.7,"MINDANAO, PHILIPPINES",973478
1970,01,12,05:59:59,7.04,126.86,68,4.3,"MINDANAO, PHILIPPINES",971999
1970,01,12,05:00:34,15.75,-94.8,33,3.9,"NEAR COAST OF OAXACA, MEXICO",968434
1970,01,12,04:43:08,-1.34,-48.4,33,4.5,"BRAZIL",967388
1970,01,12,04:25:01,6.81,126.97,70,5.1,"MINDANAO, PHILIPPINES",966301
1970,01,12,04:11:26,6.76,126.8,89,4.3,"MINDANAO, PHILIPPINES",965486
1970,01,12,03:37:30,41.52,141.98,71,4.4,"HOKKAIDO, JAPAN REGION",963450
1970,01,12,03:11:07,-19.9,169.5,0,3.5,"VANUATU ISLANDS",961867
1970,01,12,02:21:20,7.31,126.89,72,4.8,"MINDANAO, PHILIPPINES",958880
1970,01,12,01:55:48,-21.6,-67.7,133,3.8,"CHILE-BOLIVIA BORDER REGION",957348
1970,01,12,01:12:05,-30.08,-68.3,135,4.2,"SAN JUAN PROVINCE, ARGENTINA",954725
1970,01,11,23:44:48,35.6,27.4,0,3.8,"DODECANESE ISLANDS, GREECE",949488
1970,01,11,23:40:52,-20,-173.3,33,4.3,"TONGA ISLANDS",949252
1970,01,11,22:49:59,-2.47,-77.18,156,4.7,"PERU-ECUADOR BORDER REGION",946199
1970,01,11,22:46:41,8.8,-72.1,206,4.4,"VENEZUELA",946001
1970,01,11,22:16:39,38,20.3,0,3.7,"GREECE",944199
1970,01,11,21:02:22,6.52,126.99,84,5,"MINDANAO, PHILIPPINES",939742
1970,01,11,20:16:07,16.09,-59.76,40,4.9,"LEEWARD ISLANDS",936967
1970,01,11,20:12:38,52.72,-169.82,33,4.3,"FOX ISLANDS, ALEUTIAN ISLANDS",936758
1970,01,11,20:03:21,55.18,-159.8,30,3.9,"ALASKA PENINSULA",936201
1970,01,11,19:45:07,6.66,126.84,95,4.7,"MINDANAO, PHILIPPINES",935107
1970,01,11,19:18:09,-15.5,167.6,80,4.2,"VANUATU ISLANDS",933489
1970,01,11,19:08:21,-31.7,-79.3,33,3.8,"JUAN FERNANDEZ ISLANDS REGION",932901
1970,01,11,18:24:16,6.2,126.8,91,4.6,"MINDANAO, PHILIPPINES",930256
1970,01,11,13:19:57,-17.03,167.51,0,4.2,"VANUATU ISLANDS",911997
1970,01,11,12:32:19,-22.11,-67.34,186,4.1,"CHILE-BOLIVIA BORDER REGION",909139
1970,01,11,12:19:35,9.02,125.6,61,5.1,"MINDANAO, PHILIPPINES",908375
1970,01,11,11:31:11,-8.32,159.1,78,4.5,"SOLOMON ISLANDS",905471
1970,01,11,10:54:39,6.4,126.6,102,4.5,"MINDANAO, PHILIPPINES",903279
1970,01,11,10:36:15,-20.3,170.3,0,3.5,"VANUATU ISLANDS",902175
1970,01,11,05:19:38,-22.61,171.43,50,5.3,"SOUTHEAST OF LOYALTY ISLANDS",883178
1970,01,11,05:02:05,7.43,126.87,60,5.4,"MINDANAO, PHILIPPINES",882125
1970,01,11,04:35:47,58.3,162.7,33,4.5,"KAMCHATKA PENINSULA, RUSSIA",880547
1970,01,11,03:17:50,7.11,126.7,67,4.8,"MINDANAO, PHILIPPINES",875870
1970,01,11,03:14:24,-6.2,71.33,33,4.9,"CHAGOS ARCHIPELAGO REGION",875664
1970,01,11,03:03:41,7.3,126.7,80,4.2,"MINDANAO, PHILIPPINES",875021
1970,01,11,02:30:52,-10.3,38.5,0,4.2,"TANZANIA",873052
1970,01,11,02:01:12,-55.97,-27.6,33,4.9,"SOUTH SANDWICH ISLANDS REGION",871272
1970,01,11,01:30:18,6.74,127.01,90,4.5,"PHILIPPINE ISLANDS REGION",869418
1970,01,11,01:16:14,-20.34,-174.66,41,4.7,"TONGA ISLANDS",868574
1970,01,11,00:36:11,-27.75,-71.5,34,3.9,"NEAR COAST OF NORTHERN CHILE",866171
1970,01,10,22:17:58,-19.7,169.2,0,3.5,"VANUATU ISLANDS",857878
1970,01,10,21:32:39,6.91,127.1,76,4.9,"PHILIPPINE ISLANDS REGION",855159
1970,01,10,20:38:13,34.9,24.2,67,4.7,"CRETE, GREECE",851893
1970,01,10,19:28:20,-19.5,168.9,0,3,"VANUATU ISLANDS",847700
1970,01,10,18:28:57,16.9,-99.8,33,3.8,"NEAR COAST OF GUERRERO, MEXICO",844137
1970,01,10,17:40:24,7.06,126.9,69,4.9,"MINDANAO, PHILIPPINES",841224
1970,01,10,17:12:38,7.1,127,96,5,"PHILIPPINE ISLANDS REGION",839558
1970,01,10,16:30:49,7.04,126.77,36,5.1,"MINDANAO, PHILIPPINES",837049
1970,01,10,16:28:53,7.3,126.9,63,4.6,"MINDANAO, PHILIPPINES",836933
1970,01,10,16:00:25,6.84,126.99,70,4.8,"MINDANAO, PHILIPPINES",835225
1970,01,10,15:43:00,28.79,128.95,87,4.7,"RYUKYU ISLANDS, JAPAN",834180
1970,01,10,15:26:49,6.79,126.89,88,4.8,"MINDANAO, PHILIPPINES",833209
1970,01,10,15:18:50,8.3,126.5,0,5.2,"MINDANAO, PHILIPPINES",832730
1970,01,10,15:12:19,6.8,126.7,47,5.1,"MINDANAO, PHILIPPINES",832339
1970,01,10,14:54:09,7.17,126.91,84,4.9,"MINDANAO, PHILIPPINES",831249
1970,01,10,14:49:16,-17.8,169.5,0,4.2,"VANUATU ISLANDS",830956
1970,01,10,14:16:31,6.71,126.84,81,5.5,"MINDANAO, PHILIPPINES",828991
1970,01,10,13:59:40,6.74,126.86,88,5.4,"MINDANAO, PHILIPPINES",827980
1970,01,10,13:29:23,6.39,126.94,92,4.9,"MINDANAO, PHILIPPINES",826163
1970,01,10,13:13:01,6.69,126.79,76,5.1,"MINDANAO, PHILIPPINES",825181
1970,01,10,13:09:27,7.11,126.88,83,5,"MINDANAO, PHILIPPINES",824967
1970,01,10,13:01:59,7.1,126.7,85,4.5,"MINDANAO, PHILIPPINES",824519
1970,01,10,12:50:26,-2.1,120,33,5.4,"SULAWESI, INDONESIA",823826
1970,01,10,12:43:34,62.4,88.5,0,4.3,"NORTHCENTRAL SIBERIA, RUSSIA",823414
1970,01,10,12:09:39,50.9,4.9,0,4.8,"BELGIUM",821379
1970,01,10,12:07:08,6.8,126.75,68,5.9,"MINDANAO, PHILIPPINES",821228
1970,01,10,11:56:38,6.76,-73.09,163,4.5,"NORTHERN COLOMBIA",820598
1970,01,10,11:26:24,-33.63,-179.2,31,5,"SOUTH OF KERMADEC ISLANDS",818784
1970,01,10,07:14:58,53.6,160.1,33,3.8,"NEAR EAST COAST OF KAMCHATKA",803698
1970,01,10,06:11:16,-19.62,-175.93,166,4.3,"TONGA ISLANDS",799876
1970,01,10,05:37:56,13.3,-92.41,53,4.2,"OFF COAST OF CHIAPAS, MEXICO",797876
1970,01,10,04:50:29,38.17,73.6,155,5,"TAJIKISTAN-XINJIANG BORDER REG.",795029
1970,01,10,04:43:49,-21.15,-68.3,130,3.7,"CHILE-BOLIVIA BORDER REGION",794629
1970,01,10,04:21:43,59.5,-144.78,33,4.8,"GULF OF ALASKA",793303
1970,01,10,03:18:00,24.09,122.5,42,4.7,"TAIWAN REGION",789480
1970,01,10,00:36:04,43.5,147.61,42,4.8,"KURIL ISLANDS",779764
1970,01,10,00:33:29,9.47,-78.34,69,4.7,"PANAMA",779609
1970,01,09,23:53:12,16,-97.8,20,3.5,"OAXACA, MEXICO",777192
1970,01,09,23:16:20,-9.27,117.25,58,5.7,"SUMBAWA REGION, INDONESIA",774980
1970,01,09,21:00:11,42.89,80.5,34,4.7,"KYRGYZSTAN-XINJIANG BORDER REG.",766811
1970,01,09,20:09:06,15.78,-59.55,31,4.2,"LEEWARD ISLANDS",763746
1970,01,09,19:58:41,-15.28,-178.65,427,5.1,"FIJI ISLANDS REGION",763121
1970,01,09,19:44:26,35.84,70.87,148,4.3,"HINDU KUSH REGION, AFGHANISTAN",762266
1970,01,09,19:33:06,-20.6,32.9,0,2.3,"ZIMBABWE",761586
1970,01,09,19:29:12,-17.79,167.43,0,3.7,"VANUATU ISLANDS",761352
1970,01,09,19:26:19,9.21,58.26,96,4.9,"CARLSBERG RIDGE",761179
1970,01,09,16:39:25,-19.8,169.09,0,3.5,"VANUATU ISLANDS",751165
1970,01,09,14:43:08,-2.5,20.5,0,3.8,"DEMOCRATIC REPUBLIC OF CONGO",744188
1970,01,09,14:23:21,52,-172.3,0,5.1,"ANDREANOF ISLANDS, ALEUTIAN IS.",743001
1970,01,09,13:01:46,-10.94,40.94,33,4.5,"TANZANIA",738106
1970,01,09,12:05:23,11.6,-93.3,33,4.3,"OFF COAST OF MEXICO",734723
1970,01,09,10:31:44,23.96,102.76,28,4.7,"YUNNAN, CHINA",729104
1970,01,09,09:23:04,38.48,55.52,23,4.9,"TURKMENISTAN-IRAN BORDER REGION",724984
1970,01,09,07:43:50,-17.02,167.93,0,4,"VANUATU ISLANDS",719030
1970,01,09,07:41:14,52.78,-168.71,26,4.4,"FOX ISLANDS, ALEUTIAN ISLANDS",718874
1970,01,09,06:59:53,36.55,138.11,0,3.6,"EASTERN HONSHU, JAPAN",716393
1970,01,09,06:26:55,16.17,-59.6,35,5.3,"LEEWARD ISLANDS",714415
1970,01,09,06:16:14,30.2,34,33,4.7,"DEAD SEA REGION",713774
1970,01,09,05:50:19,9.1,58.24,64,4.8,"CARLSBERG RIDGE",712219
1970,01,09,04:42:58,-33.62,-179.2,31,5.1,"SOUTH OF KERMADEC ISLANDS",708178
1970,01,09,03:51:20,36.6,28,0,3.7,"DODECANESE ISLANDS, GREECE",705080
1970,01,09,03:26:09,15.92,-60.03,73,4.4,"LEEWARD ISLANDS",703569
1970,01,09,03:23:43,14.8,-61,33,3.4,"WINDWARD ISLANDS",703423
1970,01,09,02:23:01,-34.6,-91.9,25,4.6,"SOUTHEAST CENTRAL PACIFIC OCEAN",699781
1970,01,09,02:03:35,42.52,143.7,33,4.4,"HOKKAIDO, JAPAN REGION",698615
1970,01,09,01:58:27,-33.6,-89.6,0,4.4,"SOUTHEAST CENTRAL PACIFIC OCEAN",698307
1970,01,08,23:53:24,41.51,142.08,76,4.5,"HOKKAIDO, JAPAN REGION",690804
1970,01,08,23:33:46,16,-60.7,119,4.1,"LEEWARD ISLANDS",689626
1970,01,08,23:21:01,-19.21,168.99,0,3.4,"VANUATU ISLANDS",688861
1970,01,08,23:06:35,40.84,140.41,40,4.9,"EASTERN HONSHU, JAPAN",687995
1970,01,08,21:47:50,41.39,142.74,56,4.7,"HOKKAIDO, JAPAN REGION",683270
1970,01,08,21:45:19,16.9,-100.8,33,3.5,"NEAR COAST OF GUERRERO, MEXICO",683119
1970,01,08,21:19:11,36.35,70.97,139,4.9,"HINDU KUSH REGION, AFGHANISTAN",681551
1970,01,08,21:05:18,-14.92,167.73,175,4.2,"VANUATU ISLANDS",680718
1970,01,08,20:35:35,-25.73,-70.3,73,4.1,"NEAR COAST OF NORTHERN CHILE",678935
1970,01,08,19:35:06,-19.75,167.75,0,3.5,"VANUATU ISLANDS REGION",675306
1970,01,08,19:14:03,43.65,146.5,33,4.3,"KURIL ISLANDS",674043
1970,01,08,18:59:31,50.27,18.78,0,2.5,"POLAND",673171
1970,01,08,18:37:33,37.08,141.15,67,4,"NEAR EAST COAST OF HONSHU, JAPAN",671853
1970,01,08,17:51:22,17.47,-99.3,33,3.9,"GUERRERO, MEXICO",669082
1970,01,08,17:12:40,-34.85,178.79,189,6.1,"SOUTH OF KERMADEC ISLANDS",666760
1970,01,08,17:00:37,34.58,-121.37,33,4.2,"OFF COAST OF CALIFORNIA",666037
1970,01,08,16:18:55,15.3,-90.53,22,4.4,"GUATEMALA",663535
1970,01,08,11:43:54,15.88,-59.47,5,4.9,"LEEWARD ISLANDS",647034
1970,01,08,11:07:18,24,102.91,33,4.7,"YUNNAN, CHINA",644838
1970,01,08,10:24:08,35.8,71.12,135,4.6,"PAKISTAN",642248
1970,01,08,10:22:01,15.86,-59.6,35,3.6,"LEEWARD ISLANDS",642121
1970,01,08,09:57:50,-19,167.9,0,3.7,"VANUATU ISLANDS REGION",640670
1970,01,08,09:28:48,-18.9,166.6,0,3.7,"VANUATU ISLANDS REGION",638928
1970,01,08,08:55:12,16.03,-59.48,40,5,"LEEWARD ISLANDS",636912
1970,01,08,08:43:20,16.88,-61.14,53,5,"LEEWARD ISLANDS",636200
1970,01,08,08:32:41,-15.21,-174.8,2,5,"TONGA ISLANDS",635561
1970,01,08,07:31:32,37.85,72.38,115,5.2,"TAJIKISTAN",631892
1970,01,08,07:15:52,15.87,-59.77,35,5,"LEEWARD ISLANDS",630952
1970,01,08,06:39:48,-3.6,149.84,27,4.4,"BISMARCK SEA",628788
1970,01,08,06:13:21,-24.07,-66.91,200,4.8,"SALTA PROVINCE, ARGENTINA",627201
1970,01,08,04:38:38,72.8,7.3,33,3.8,"NORWEGIAN SEA",621518
1970,01,08,02:35:17,15.74,-59.4,29,4.3,"LEEWARD ISLANDS",614117
1970,01,07,23:58:05,35.77,137.06,10,4.4,"EASTERN HONSHU, JAPAN",604685
1970,01,07,20:53:36,16.14,-59.57,25,4.1,"LEEWARD ISLANDS",593616
1970,01,07,18:23:37,40.21,50.13,52,4.7,"CASPIAN SEA",584617
1970,01,07,17:00:43,-26.12,27.57,33,4.9,"SOUTH AFRICA",579643
1970,01,07,16:04:51,16.03,-59.85,32,3.7,"LEEWARD ISLANDS",576291
1970,01,07,15:34:57,24.94,122.53,118,4.6,"TAIWAN REGION",574497
1970,01,07,14:47:04,35.85,70.77,140,4.7,"HINDU KUSH REGION, AFGHANISTAN",571624
1970,01,07,13:53:54,-1.73,99.9,79,4.7,"SOUTHERN SUMATRA, INDONESIA",568434
1970,01,07,13:52:38,-11.1,34.4,0,3.4,"MALAWI",568358
1970,01,07,12:27:53,45.01,-111.62,33,4.9,"MONTANA",563273
1970,01,07,12:25:44,-4.81,153.6,89,4.6,"NEW IRELAND REGION, P.N.G.",563144
1970,01,07,09:32:33,-53.01,22.4,25,4.8,"SOUTH OF AFRICA",552753
1970,01,07,08:55:05,-5.44,147.1,203,4.9,"EASTERN NEW GUINEA REG., P.N.G.",550505
1970,01,07,08:45:00,15.99,-59.56,20,4.4,"LEEWARD ISLANDS",549900
1970,01,07,08:29:39,-23.1,-42.3,33,4.3,"BRAZIL",548979
1970,01,07,08:12:26,15.4,-61.7,99,3.9,"LEEWARD ISLANDS",547946
1970,01,07,08:05:05,15.94,-59.7,27,4.6,"LEEWARD ISLANDS",547505
1970,01,07,07:56:12,15.86,-59.78,37,5.5,"LEEWARD ISLANDS",546972
1970,01,07,07:35:53,-21.33,-68.9,132,4.1,"CHILE-BOLIVIA BORDER REGION",545753
1970,01,07,07:01:27,-22.1,38.5,0,3.7,"MOZAMBIQUE CHANNEL",543687
1970,01,07,06:48:37,15.8,-59.6,23,4.1,"LEEWARD ISLANDS",542917
1970,01,07,05:54:19,-25.5,-64.2,33,4.8,"SALTA PROVINCE, ARGENTINA",539659
1970,01,07,05:36:27,16.11,-59.54,6,4.3,"LEEWARD ISLANDS",538587
1970,01,07,04:53:42,-18.97,169.25,248,4.8,"VANUATU ISLANDS",536022
1970,01,07,03:45:03,-26.59,-178.19,275,4.6,"SOUTH OF FIJI ISLANDS",531903
1970,01,07,02:43:15,24.14,102.81,33,4.8,"YUNNAN, CHINA",528195
1970,01,07,01:53:15,9.7,-85.3,33,3.8,"OFF COAST OF COSTA RICA",525195
1970,01,07,01:52:22,37.3,19.3,0,3.9,"IONIAN SEA",525142
1970,01,07,01:11:05,24.22,102.34,48,4.8,"YUNNAN, CHINA",522665
1970,01,06,23:36:32,19.26,-69.36,40,4.2,"DOMINICAN REPUBLIC REGION",516992
1970,01,06,23:26:45,-7.84,106.99,70,4.7,"JAVA, INDONESIA",516405
1970,01,06,23:20:40,35.93,27.6,0,4.6,"DODECANESE ISLANDS, GREECE",516040
1970,01,06,20:35:35,18.76,146,179,4.1,"MARIANA ISLANDS",506135
1970,01,06,18:29:20,-19,168,0,3.5,"VANUATU ISLANDS",498560
1970,01,06,16:49:51,-21.27,-71.89,5,4.4,"OFF COAST OF NORTHERN CHILE",492591
1970,01,06,16:24:46,50.33,18.83,0,2.5,"POLAND",491086
1970,01,06,16:17:28,36.6,-13.8,33,4,"AZORES-CAPE ST. VINCENT RIDGE",490648
1970,01,06,15:57:15,-26.68,26.73,0,3.4,"SOUTH AFRICA",489435
1970,01,06,15:17:59,-52.91,22.6,33,4.4,"SOUTH OF AFRICA",487079
1970,01,06,13:56:19,16.7,-98.7,33,4,"NEAR COAST OF GUERRERO, MEXICO",482179
1970,01,06,13:46:38,-23.99,-66.63,205,4.3,"JUJUY PROVINCE, ARGENTINA",481598
1970,01,06,13:25:39,36.47,68.05,56,4.7,"HINDU KUSH REGION, AFGHANISTAN",480339
1970,01,06,13:24:12,-21.34,169.25,60,3.5,"SOUTHEAST OF LOYALTY ISLANDS",480252
1970,01,06,13:02:57,15.75,-59.6,36,4.2,"LEEWARD ISLANDS",478977
1970,01,06,12:56:04,15.86,-59.71,13,5.2,"LEEWARD ISLANDS",478564
1970,01,06,11:45:37,-23.5,170.9,0,4.2,"SOUTHEAST OF LOYALTY ISLANDS",474337
1970,01,06,10:55:14,41.03,-126,8,4,"OFF COAST OF NORTHERN CALIFORNIA",471314
1970,01,06,09:40:31,24.1,103.1,0,4.9,"YUNNAN, CHINA",466831
1970,01,06,09:10:27,23,142.5,33,3.8,"VOLCANO ISLANDS, JAPAN REGION",465027
1970,01,06,08:34:55,37.54,-121.87,13,2.8,"CENTRAL CALIFORNIA",462895
1970,01,06,07:37:58,43.8,146,33,3.6,"KURIL ISLANDS",459478
1970,01,06,07:12:39,49.6,142.5,40,4.7,"SAKHALIN, RUSSIA",457959
1970,01,06,07:00:35,-29.63,-177.99,365,3.7,"KERMADEC ISLANDS, NEW ZEALAND",457235
1970,01,06,06:43:59,43.4,144.7,33,3.3,"HOKKAIDO, JAPAN REGION",456239
1970,01,06,06:33:07,16.05,-59.92,53,4.4,"LEEWARD ISLANDS",455587
1970,01,06,06:11:42,-36.59,-100.29,33,4.5,"SOUTHEAST OF EASTER ISLAND",454302
1970,01,06,05:58:09,49.69,142.38,27,4.9,"SAKHALIN, RUSSIA",453489
1970,01,06,05:35:52,-9.62,151.5,8,5.7,"D'ENTRECASTEAUX ISLANDS REGION",452152
1970,01,06,05:33:50,-9.59,151.68,8,4.7,"D'ENTRECASTEAUX ISLANDS REGION",452030
1970,01,06,05:17:58,16.5,-60.5,33,3.6,"LEEWARD ISLANDS",451078
1970,01,06,03:45:13,-16.1,177.6,33,4.6,"FIJI ISLANDS",445513
1970,01,06,02:56:06,36.53,-121.11,8,2.8,"CENTRAL CALIFORNIA",442566
1970,01,06,02:29:05,36.4,-121.26,8,4.1,"CENTRAL CALIFORNIA",440945
1970,01,06,02:17:34,-14.7,166.4,0,4.2,"VANUATU ISLANDS",440254
1970,01,06,01:46:42,43.5,146.59,37,4.4,"KURIL ISLANDS",438402
1970,01,06,00:40:24,16.19,-59.65,16,4.5,"LEEWARD ISLANDS",434424
1970,01,06,00:36:27,-21.7,170.1,0,4.4,"SOUTHEAST OF LOYALTY ISLANDS",434187
1970,01,05,21:45:43,-17.7,169.9,0,4.2,"VANUATU ISLANDS",423943
1970,01,05,19:45:31,35.93,-10.4,33,4.1,"AZORES-CAPE ST. VINCENT RIDGE",416731
1970,01,05,17:58:53,24.02,102.8,2,4.7,"YUNNAN, CHINA",410333
1970,01,05,17:31:10,37.48,-121.92,8,3.3,"CENTRAL CALIFORNIA",408670
1970,01,05,17:23:53,-20.5,169,0,3.5,"VANUATU ISLANDS",408233
1970,01,05,16:58:22,38.36,21.7,0,3.1,"GREECE",406702
1970,01,05,14:51:00,-17.8,167.7,60,4.2,"VANUATU ISLANDS",399060
1970,01,05,14:21:36,24.18,102.31,37,4.7,"YUNNAN, CHINA",397296
1970,01,05,13:54:36,-3.4,119.23,92,5,"SULAWESI, INDONESIA",395676
1970,01,05,13:46:48,25.96,125.25,119,4.9,"SOUTHWESTERN RYUKYU ISL., JAPAN",395208
1970,01,05,11:49:10,23.92,102.84,33,4.8,"YUNNAN, CHINA",388150
1970,01,05,10:26:41,16,-59,33,3.8,"LEEWARD ISLANDS",383201
1970,01,05,10:09:37,-31.3,-69.1,115,4.5,"SAN JUAN PROVINCE, ARGENTINA",382177
1970,01,05,09:54:23,-21,167.5,0,3.5,"LOYALTY ISLANDS",381263
1970,01,05,09:25:37,16.12,-59.62,13,4.9,"LEEWARD ISLANDS",379537
1970,01,05,09:13:39,16.17,-59.66,25,5.2,"LEEWARD ISLANDS",378819
1970,01,05,09:09:47,16.05,-59.62,16,5.2,"LEEWARD ISLANDS",378587
1970,01,05,08:05:35,-11.69,-75.08,33,4,"CENTRAL PERU",374735
1970,01,05,06:58:58,-17.31,-70.93,118,4.8,"NEAR COAST OF PERU",370738
1970,01,05,04:20:05,81.52,-5.7,33,4.6,"NORTH OF SVALBARD",361205
1970,01,05,04:20:00,24.11,102.5,39,4.5,"YUNNAN, CHINA",361200
1970,01,05,03:46:52,37.84,-121.96,8,2.5,"CENTRAL CALIFORNIA",359212
1970,01,05,01:47:49,-1.2,150.07,70,4.4,"NEW IRELAND REGION, P.N.G.",352069
1970,01,05,01:21:04,23.71,122.03,42,4.9,"TAIWAN REGION",350464
1970,01,05,00:20:13,19.16,121.21,41,5.4,"PHILIPPINE ISLANDS REGION",346813
1970,01,04,23:12:57,37.12,-121.54,8,3.4,"CENTRAL CALIFORNIA",342777
1970,01,04,21:44:32,24.15,102.53,27,5,"YUNNAN, CHINA",337472
1970,01,04,21:01:12,24.3,102.81,0,4.8,"YUNNAN, CHINA",334872
1970,01,04,20:42:13,39.01,142.37,61,4.5,"NEAR EAST COAST OF HONSHU, JAPAN",333733
1970,01,04,19:09:43,18.1,-65.4,33,3.7,"PUERTO RICO REGION",328183
1970,01,04,19:04:23,12.1,-89.8,33,4.6,"OFF COAST OF CENTRAL AMERICA",327863
1970,01,04,18:40:04,15.9,-100,33,3.5,"OFF COAST OF GUERRERO, MEXICO",326404
1970,01,04,18:32:10,24.28,102.29,41,4.6,"YUNNAN, CHINA",325930
1970,01,04,17:49:50,15.5,-98.6,33,3.6,"OFF COAST OF GUERRERO, MEXICO",323390
1970,01,04,17:37:21,-8.4,-21.2,33,4.8,"SOUTH ATLANTIC OCEAN",322641
1970,01,04,17:32:40,24.2,102.45,33,5.3,"YUNNAN, CHINA",322360
1970,01,04,17:20:26,-9.84,149.89,23,5.2,"EASTERN NEW GUINEA REG., P.N.G.",321626
1970,01,04,17:00:39,24.12,102.49,15,5.8,"YUNNAN, CHINA",320439
1970,01,04,16:01:20,-28.24,-69,9,4.6,"CHILE-ARGENTINA BORDER REGION",316880
1970,01,04,15:31:58,-5.51,152.18,46,4.8,"NEW BRITAIN REGION, P.N.G.",315118
1970,01,04,13:52:04,53.7,167.5,33,3.8,"KOMANDORSKIYE OSTROVA REGION",309124
1970,01,04,13:49:40,12,-104.4,33,3.8,"NORTHERN EAST PACIFIC RISE",308980
1970,01,04,12:41:55,-28.4,-71.31,13,4.6,"NEAR COAST OF CENTRAL CHILE",304915
1970,01,04,12:21:35,45.5,149.5,33,3.8,"KURIL ISLANDS",303695
1970,01,04,10:52:58,-15.82,-176.61,355,4.2,"FIJI ISLANDS REGION",298378
1970,01,04,08:48:16,51,-178.3,33,3.5,"ANDREANOF ISLANDS, ALEUTIAN IS.",290896
1970,01,04,08:31:25,0.34,121.99,186,5.4,"MINAHASSA PENINSULA, SULAWESI",289885
1970,01,04,08:22:36,-54.5,1.3,29,5.1,"BOUVET ISLAND REGION",289356
1970,01,04,08:19:58,16.14,-59.84,28,4.9,"LEEWARD ISLANDS",289198
1970,01,04,07:56:37,-17.93,-178.49,572,4.4,"FIJI ISLANDS REGION",287797
1970,01,04,07:17:21,58.8,-35.9,33,4,"NORTH ATLANTIC OCEAN",285441
1970,01,04,07:11:45,-20.7,-172.8,33,3.9,"TONGA ISLANDS REGION",285105
1970,01,04,07:06:14,60.31,-152.2,81,4,"SOUTHERN ALASKA",284774
1970,01,04,06:15:23,-10.3,-74.9,33,3.9,"CENTRAL PERU",281723
1970,01,04,01:02:56,-33.8,-179.4,81,4.4,"SOUTH OF KERMADEC ISLANDS",262976
1970,01,04,00:08:33,15.7,-60.1,75,4.3,"LEEWARD ISLANDS",259713
1970,01,03,22:49:53,17.48,145.75,145,4.8,"MARIANA ISLANDS",254993
1970,01,03,22:37:25,-18.24,168.2,9,4.3,"VANUATU ISLANDS",254245
1970,01,03,22:00:17,-20.75,168.25,0,3.7,"LOYALTY ISLANDS",252017
1970,01,03,19:17:42,-16.41,167.44,0,3.8,"VANUATU ISLANDS",242262
1970,01,03,18:15:37,-19.8,165.9,0,3.5,"VANUATU ISLANDS REGION",238537
1970,01,03,17:20:05,-17.07,167.12,0,3.7,"VANUATU ISLANDS",235205
1970,01,03,16:35:49,32.6,48.75,44,5.1,"WESTERN IRAN",232549
1970,01,03,16:02:42,-35.1,53.8,33,4.7,"SOUTHWEST INDIAN RIDGE",230562
1970,01,03,15:04:15,17.9,-62.5,40,3.8,"LEEWARD ISLANDS",227055
1970,01,03,14:51:51,-3.49,118.91,47,5.3,"SULAWESI, INDONESIA",226311
1970,01,03,14:15:00,15.4,-58,33,4.9,"NORTH ATLANTIC OCEAN",224100
1970,01,03,13:41:23,15.72,-59.3,16,4.6,"LEEWARD ISLANDS",222083
1970,01,03,13:31:17,15.79,-59.6,33,4.9,"LEEWARD ISLANDS",221477
1970,01,03,13:20:06,32.71,48.93,65,4.6,"WESTERN IRAN",220806
1970,01,03,12:09:18,4.37,-76.33,145,4.5,"COLOMBIA",216558
1970,01,03,09:21:23,17.63,-61.02,20,5.1,"LEEWARD ISLANDS",206483
1970,01,03,09:12:58,-20,-177.1,33,4.7,"FIJI ISLANDS REGION",205978
1970,01,03,09:00:38,28.26,-43.95,33,4.3,"NORTHERN MID-ATLANTIC RIDGE",205238
1970,01,03,06:54:46,41.81,43.35,41,5.1,"GEORGIA-ARMENIA-TURKEY BORD REG.",197686
1970,01,03,06:27:51,-20.63,168.26,0,3.6,"LOYALTY ISLANDS",196071
1970,01,03,05:39:37,13.3,-89.54,223,4.1,"EL SALVADOR",193177
1970,01,03,05:22:07,15.85,-60.1,69,4.9,"LEEWARD ISLANDS",192127
1970,01,03,05:14:24,16.06,-59.46,31,4.9,"LEEWARD ISLANDS",191664
1970,01,03,05:13:06,16.03,-59.73,41,4.6,"LEEWARD ISLANDS",191586
1970,01,03,05:03:10,16.16,-59.8,53,4.3,"LEEWARD ISLANDS",190990
1970,01,03,04:37:32,15.86,-59.8,73,4.3,"LEEWARD ISLANDS",189452
1970,01,03,03:55:13,56.6,-150.9,33,3.4,"GULF OF ALASKA",186913
1970,01,03,03:07:55,-1.87,-78.54,19,4.7,"ECUADOR",184075
1970,01,03,02:53:17,37.3,-122.09,8,2.7,"CENTRAL CALIFORNIA",183197
1970,01,03,02:51:56,37.22,-122.2,8,4,"CENTRAL CALIFORNIA",183116
1970,01,03,02:08:14,-5.99,-77.3,138,4.1,"NORTHERN PERU",180494
1970,01,03,02:03:15,-16.1,-174.7,33,4.3,"TONGA ISLANDS",180195
1970,01,03,01:34:25,-14.6,167.4,60,4.2,"VANUATU ISLANDS",178465
1970,01,03,00:49:40,-21,169.8,0,3.7,"SOUTHEAST OF LOYALTY ISLANDS",175780
1970,01,03,00:38:47,11.82,143.1,20,4.6,"SOUTH OF MARIANA ISLANDS",175127
1970,01,03,00:30:15,-20.5,168,0,3.5,"LOYALTY ISLANDS",174615
1970,01,03,00:16:02,-0.81,132.9,80,5,"IRIAN JAYA REGION, INDONESIA",173762
1970,01,02,23:27:10,17,-100,33,3.8,"GUERRERO, MEXICO",170830
1970,01,02,21:43:49,36.9,27.6,68,4.1,"DODECANESE ISLANDS, GREECE",164629
1970,01,02,21:39:15,43.1,147.5,33,3.8,"KURIL ISLANDS",164355
1970,01,02,21:32:38,30.4,134.2,33,3.7,"SOUTHEAST OF SHIKOKU, JAPAN",163958
1970,01,02,21:29:39,30.4,134.2,33,3.7,"SOUTHEAST OF SHIKOKU, JAPAN",163779
1970,01,02,21:27:39,30.4,134.2,33,3.8,"SOUTHEAST OF SHIKOKU, JAPAN",163659
1970,01,02,20:01:02,32.5,76,96,4.1,"KASHMIR-INDIA BORDER REGION",158462
1970,01,02,19:45:18,44.82,17.14,49,4.1,"NORTHWESTERN BALKAN REGION",157518
1970,01,02,18:35:38,-21.3,-70.4,100,3.9,"NEAR COAST OF NORTHERN CHILE",153338
1970,01,02,18:27:35,37.2,23.9,0,2.5,"SOUTHERN GREECE",152855
1970,01,02,17:14:27,30.4,134.2,33,3.8,"SOUTHEAST OF SHIKOKU, JAPAN",148467
1970,01,02,12:25:04,-20.92,168.5,0,3.5,"LOYALTY ISLANDS",131104
1970,01,02,11:50:34,16.6,-100,33,4.3,"NEAR COAST OF GUERRERO, MEXICO",129034
1970,01,02,10:37:41,-56.01,-27.8,124,4.9,"SOUTH SANDWICH ISLANDS REGION",124661
1970,01,02,10:12:21,45.4,149.7,55,4,"KURIL ISLANDS",123141
1970,01,02,09:52:23,14.7,-93.2,33,4.4,"NEAR COAST OF CHIAPAS, MEXICO",121943
1970,01,02,09:12:28,-20.87,169.3,0,3.5,"VANUATU ISLANDS",119548
1970,01,02,08:01:41,15.89,-59.48,16,4.3,"LEEWARD ISLANDS",115301
1970,01,02,07:38:00,15.84,-59.48,13,4.5,"LEEWARD ISLANDS",113880
1970,01,02,07:31:37,45.5,26.35,133,4.7,"ROMANIA",113497
1970,01,02,07:07:08,-26.3,27.8,0,3,"SOUTH AFRICA",112028
1970,01,02,06:43:24,-16.5,177.4,33,4.7,"FIJI ISLANDS",110604
1970,01,02,06:38:30,-5.41,152.18,55,4.6,"NEW BRITAIN REGION, P.N.G.",110310
1970,01,02,05:18:58,4.59,124.9,64,4.9,"CELEBES SEA",105538
1970,01,02,04:22:18,-4.63,154.34,423,4.4,"SOLOMON ISLANDS",102138
1970,01,02,04:20:06,-13,33.8,33,4.1,"MALAWI",102006
1970,01,02,02:54:58,16.18,-59.6,17,4.6,"LEEWARD ISLANDS",96898
1970,01,02,01:29:24,56.3,163.2,33,4.2,"NEAR EAST COAST OF KAMCHATKA",91764
1970,01,02,01:19:45,16.12,-59.66,21,5,"LEEWARD ISLANDS",91185
1970,01,02,01:00:59,28.48,129.36,32,4.9,"RYUKYU ISLANDS, JAPAN",90059
1970,01,01,23:43:56,-17,-178,33,3.8,"FIJI ISLANDS REGION",85436
1970,01,01,22:42:09,-36,-108.5,33,4.1,"SOUTHERN EAST PACIFIC RISE",81729
1970,01,01,22:09:29,-4.06,154.02,404,5.1,"SOLOMON ISLANDS",79769
1970,01,01,21:30:57,-18.76,-177.46,334,4.6,"FIJI ISLANDS REGION",77457
1970,01,01,20:57:48,36.73,-121.42,13,3.2,"CENTRAL CALIFORNIA",75468
1970,01,01,19:50:00,37.6,-118.67,8,3.2,"CALIFORNIA-NEVADA BORDER REGION",71400
1970,01,01,19:49:23,37.56,-118.77,8,3.8,"CALIFORNIA-NEVADA BORDER REGION",71363
1970,01,01,18:49:47,15.8,-60,68,4.4,"LEEWARD ISLANDS",67787
1970,01,01,18:45:42,15.98,-59.76,26,4.9,"LEEWARD ISLANDS",67542
1970,01,01,18:36:08,-29.56,-177.33,33,5.5,"KERMADEC ISLANDS, NEW ZEALAND",66968
1970,01,01,18:12:02,16.04,-59.71,13,4.7,"LEEWARD ISLANDS",65522
1970,01,01,17:11:00,-29.57,-177.33,43,5.3,"KERMADEC ISLANDS, NEW ZEALAND",61860
1970,01,01,16:56:45,-19.9,-179.5,33,4.3,"FIJI ISLANDS REGION",61005
1970,01,01,16:38:26,-16.03,178.31,33,4.7,"FIJI ISLANDS",59906
1970,01,01,15:26:35,9,-83.3,33,3.6,"COSTA RICA",55595
1970,01,01,15:09:40,-43.11,-82.6,81,4.5,"WEST CHILE RISE",54580
1970,01,01,14:35:23,-26.17,28.18,33,4.9,"SOUTH AFRICA",52523
1970,01,01,14:18:36,42,36.9,33,3.7,"BLACK SEA",51516
1970,01,01,12:47:14,16,-59.3,33,4.3,"LEEWARD ISLANDS",46034
1970,01,01,12:39:28,-21.1,169.01,0,4.3,"SOUTHEAST OF LOYALTY ISLANDS",45568
1970,01,01,12:33:03,-20.5,169.25,0,3.4,"VANUATU ISLANDS",45183
1970,01,01,11:21:05,9.19,-69.76,34,4,"VENEZUELA",40865
1970,01,01,10:48:41,58.8,-33.5,33,4.2,"REYKJANES RIDGE",38921
1970,01,01,10:41:24,29.18,129.03,33,4.6,"RYUKYU ISLANDS, JAPAN",38484
1970,01,01,10:25:30,-23.4,-64.6,33,4.3,"JUJUY PROVINCE, ARGENTINA",37530
1970,01,01,10:12:44,15.7,-59.6,43,5.2,"LEEWARD ISLANDS",36764
1970,01,01,10:09:28,-21.04,168.89,36,4.7,"LOYALTY ISLANDS",36568
1970,01,01,09:54:00,45.87,154.36,34,5.3,"EAST OF KURIL ISLANDS",35640
1970,01,01,09:35:11,35.49,70.8,198,4.6,"HINDU KUSH REGION, AFGHANISTAN",34511
1970,01,01,09:22:51,-10.1,174.3,33,4,"NORTH OF FIJI ISLANDS",33771
1970,01,01,08:17:42,35.6,71.4,223,4.1,"PAKISTAN",29862
1970,01,01,08:07:53,15.83,-60.6,95,4,"LEEWARD ISLANDS",29273
1970,01,01,07:25:25,-9.9,178.3,33,4.2,"TUVALU REGION",26725
1970,01,01,06:11:50,16.13,-59.71,30,3.9,"LEEWARD ISLANDS",22310
1970,01,01,06:08:56,-7.5,-81.1,33,3.9,"OFF COAST OF NORTHERN PERU",22136
1970,01,01,06:02:24,16.15,-59.67,32,5.2,"LEEWARD ISLANDS",21744
1970,01,01,05:33:02,43.1,145.7,45,3.8,"HOKKAIDO, JAPAN REGION",19982
1970,01,01,05:26:51,16.17,-59.69,29,4.9,"LEEWARD ISLANDS",19611
1970,01,01,04:44:42,-29.4,-90.6,33,4.1,"SOUTHEAST CENTRAL PACIFIC OCEAN",17082
1970,01,01,03:31:30,-16.2,177.02,33,4.9,"FIJI ISLANDS",12690
1970,01,01,03:29:30,-4.9,102.83,170,4.9,"SOUTHERN SUMATRA, INDONESIA",12570
1970,01,01,01:49:56,28.53,129.39,49,5.1,"RYUKYU ISLANDS, JAPAN",6596
1970,01,01,01:43:48,8.54,-83.35,33,5.3,"COSTA RICA",6228
1970,01,01,01:36:17,-19.25,169,0,3.5,"VANUATU ISLANDS",5777
1970,01,01,01:19:30,15.9,-60.8,88,4.2,"LEEWARD ISLANDS",4770
